{
  "tag": "geom_locked_silAB",
  "n_pieces": 3220,
  "transparent_head_ratio_mean": 0.9677844075677832,
  "transparent_head_flag_rate": 0.08819875776397515,
  "edge_halo_delta_mean": 1.7814187745870271,
  "edge_halo_flag_rate": 0.6164596273291926,
  "ghost_echo_mean": 0.0,
  "ghost_echo_flag_rate": 0.0,
  "detail_ratio_mean": 1.5501890997708954,
  "merge_delta_mean": 7.88371774376393,
  "trans_ratio_w": 0.8397886955966645,
  "detail_ratio_w": 1.2372464179401799,
  "trans_ratio_b": 1.096417707145234,
  "detail_ratio_b": 1.8646906492570565
}