{
  "tag": "bright_noPieceRecon",
  "n_pieces": 3220,
  "transparent_head_ratio_mean": 1.0209005374479017,
  "transparent_head_flag_rate": 0.0015527950310559005,
  "edge_halo_delta_mean": -1.1682481040125308,
  "edge_halo_flag_rate": 0.35248447204968947,
  "ghost_echo_mean": 0.0,
  "ghost_echo_flag_rate": 0.0,
  "detail_ratio_mean": 0.9566894349937113,
  "merge_delta_mean": 8.093050794309924,
  "trans_ratio_w": 0.969195337929381,
  "detail_ratio_w": 0.8710844077474565,
  "trans_ratio_b": 1.0728632971134637,
  "detail_ratio_b": 1.0427208882785526
}