{
  "tag": "glock_t1p5",
  "n_pieces": 3220,
  "transparent_head_ratio_mean": 0.5291545669110075,
  "transparent_head_flag_rate": 0.8164596273291925,
  "edge_halo_delta_mean": -2.537591300988049,
  "edge_halo_flag_rate": 0.24130434782608695,
  "ghost_echo_mean": 0.0,
  "ghost_echo_flag_rate": 0.0,
  "detail_ratio_mean": 0.5656626309852423,
  "merge_delta_mean": 8.816154702088024,
  "trans_ratio_w": 0.5254279295351216,
  "detail_ratio_w": 0.5485227288588272,
  "trans_ratio_b": 0.5328997678603721,
  "detail_ratio_b": 0.5828879124497715
}