{
  "tag": "bright_silAB_noPieceD",
  "n_pieces": 3220,
  "transparent_head_ratio_mean": 1.0088948660650205,
  "transparent_head_flag_rate": 0.005900621118012423,
  "edge_halo_delta_mean": -1.9182919659229538,
  "edge_halo_flag_rate": 0.29130434782608694,
  "ghost_echo_mean": 0.0,
  "ghost_echo_flag_rate": 0.0,
  "detail_ratio_mean": 0.9169267132508089,
  "merge_delta_mean": 8.366227762147329,
  "trans_ratio_w": 0.9536667795823413,
  "detail_ratio_w": 0.831185780364046,
  "trans_ratio_b": 1.0643980613222086,
  "detail_ratio_b": 1.0030947491656501
}