{
  "tag": "pcx_train15",
  "n_pieces": 3220,
  "transparent_head_ratio_mean": 0.9890026190829021,
  "transparent_head_flag_rate": 0.004658385093167702,
  "edge_halo_delta_mean": -3.6421626658173083,
  "edge_halo_flag_rate": 0.16149068322981366,
  "ghost_echo_mean": 0.0,
  "ghost_echo_flag_rate": 0.0,
  "detail_ratio_mean": 0.8067159868637968,
  "merge_delta_mean": 8.882115748598412,
  "trans_ratio_w": 0.9334320034122405,
  "detail_ratio_w": 0.7318611916297726,
  "trans_ratio_b": 1.0448500497755844,
  "detail_ratio_b": 0.8819436577901448
}