{
  "tag": "pcomp_srcshape_train10",
  "n_pieces": 3220,
  "transparent_head_ratio_mean": 1.024818838444623,
  "transparent_head_flag_rate": 0.004347826086956522,
  "edge_halo_delta_mean": -2.799082262767768,
  "edge_halo_flag_rate": 0.2170807453416149,
  "ghost_echo_mean": 0.0,
  "ghost_echo_flag_rate": 0.0,
  "detail_ratio_mean": 0.8803088176972378,
  "merge_delta_mean": 8.989638904643718,
  "trans_ratio_w": 0.9694874580462959,
  "detail_ratio_w": 0.7993948793654991,
  "trans_ratio_b": 1.0804258421575126,
  "detail_ratio_b": 0.9616258142522975
}