{
  "tag": "silAB",
  "n_pieces": 3220,
  "transparent_head_ratio_mean": 1.0098553753100212,
  "transparent_head_flag_rate": 0.006211180124223602,
  "edge_halo_delta_mean": -1.785757867593943,
  "edge_halo_flag_rate": 0.32111801242236027,
  "ghost_echo_mean": 0.0,
  "ghost_echo_flag_rate": 0.0,
  "detail_ratio_mean": 0.9272082346103947,
  "merge_delta_mean": 8.818687963693943,
  "trans_ratio_w": 0.9459142177422087,
  "detail_ratio_w": 0.837617516388385,
  "trans_ratio_b": 1.0741150442480347,
  "detail_ratio_b": 1.0172452328733608
}